name,horizon_steps,buy_threshold,sell_threshold,rows,neutral_share,buy_share,sell_share,imbalance_ratio,accuracy,f1_macro
tighter_h12_t05,12,0.0005,-0.0005,24333,0.5772818805737064,0.21045493773887314,0.21226318168742037,2.743018941612966,0.35401684816108486,0.3425995474222307
longer_h24_t08,24,0.0008,-0.0008,24321,0.6203692282389704,0.18831462522100242,0.19131614654002713,3.2943231441048035,0.3167523124357657,0.28068795511068395
current_h12_t08,12,0.0008,-0.0008,24333,0.7568322853737722,0.12123453745941726,0.1219331771668105,6.242711864406779,0.22272447092664885,0.22155622055646743
shorter_h6_t06,6,0.0006,-0.0006,24339,0.7807222975471465,0.10941287645342865,0.10986482599942479,7.135561396920766,0.21918652423993426,0.19897621152815306
