{
  "baseline_tree": {
    "accuracy": 0.22272447092664885,
    "precision_macro": 0.3921208843377486,
    "recall_macro": 0.39139595563791,
    "f1_macro": 0.22155622055646743,
    "f1_by_class": {
      "SELL": 0.23392091472129586,
      "NEUTRAL": 0.21299462628236443,
      "BUY": 0.217753120665742
    },
    "support_by_class": {
      "SELL": 591,
      "NEUTRAL": 3566,
      "BUY": 710
    },
    "confusion_matrix": [
      [
        491,
        16,
        84
      ],
      [
        2639,
        436,
        491
      ],
      [
        477,
        76,
        157
      ]
    ]
  },
  "random_forest": {
    "accuracy": 0.22498459009656874,
    "precision_macro": 0.36640645354455703,
    "recall_macro": 0.37500570830246277,
    "f1_macro": 0.21912495593142525,
    "f1_by_class": {
      "SELL": 0.23542058586401504,
      "NEUTRAL": 0.23060293057890943,
      "BUY": 0.19135135135135134
    },
    "support_by_class": {
      "SELL": 591,
      "NEUTRAL": 3566,
      "BUY": 710
    },
    "confusion_matrix": [
      [
        438,
        22,
        131
      ],
      [
        2254,
        480,
        832
      ],
      [
        438,
        95,
        177
      ]
    ]
  }
}