threshold,segment,rows,trades,coverage,trade_precision,win_rate,buy_precision,sell_precision,avg_r,total_r,profit_factor,max_drawdown_r,prediction_distribution,low_sample
0.40,ENTER_BUY,134369,14293,0.106371,0.279158,0.420625,0.279158,,0.11657,1666.13,1.212242,237.59,{'ENTER_BUY': 14293},False
0.40,ENTER_SELL,134369,17099,0.127254,0.271653,0.387099,,0.271653,0.0485,829.3,1.083672,737.1,{'ENTER_SELL': 17099},False
0.50,ENTER_BUY,134369,2033,0.01513,0.330054,0.460895,0.330054,,0.248839,505.89,1.486311,84.87,{'ENTER_BUY': 2033},False
0.50,ENTER_SELL,134369,2874,0.021389,0.323591,0.410578,,0.323591,0.147234,423.15,1.261614,186.15,{'ENTER_SELL': 2874},False
