threshold,year,rows,trades,coverage,trade_precision,win_rate,buy_precision,sell_precision,avg_r,total_r,profit_factor,max_drawdown_r,prediction_distribution,low_sample
0.40,2024,59378,11425,0.192411,0.239387,0.408403,0.244259,0.232465,0.055587,635.08,1.101081,348.18,"{'ENTER_SELL': 4719, 'ENTER_BUY': 6706}",False
0.40,2025,58681,15701,0.267565,0.299535,0.400548,0.318581,0.28691,0.098233,1542.35,1.170274,266.14,"{'ENTER_SELL': 9442, 'ENTER_BUY': 6259}",False
0.40,2026,16310,4266,0.261557,0.280591,0.392874,0.269578,0.285568,0.074543,318.0,1.131373,145.87,"{'ENTER_BUY': 1328, 'ENTER_SELL': 2938}",False
0.50,2024,59378,1912,0.0322,0.308577,0.464435,0.291107,0.3375,0.230429,440.58,1.454835,75.21,"{'ENTER_BUY': 1192, 'ENTER_SELL': 720}",False
0.50,2025,58681,2116,0.036059,0.334594,0.407845,0.406685,0.297568,0.155534,329.11,1.274082,134.09,"{'ENTER_SELL': 1398, 'ENTER_BUY': 718}",False
0.50,2026,16310,879,0.053893,0.34471,0.416382,0.260163,0.358466,0.181286,159.35,1.326343,80.0,"{'ENTER_BUY': 123, 'ENTER_SELL': 756}",False
