{
  "baseline_original": {
    "test": {
      "avg_r": 0.093171,
      "max_drawdown_r": 266.14,
      "profit_factor": 1.162071,
      "total_r": 1860.35,
      "trades": 19967,
      "win_rate": 0.398908
    },
    "validation": {
      "avg_r": 0.055587,
      "max_drawdown_r": 348.18,
      "profit_factor": 1.101081,
      "total_r": 635.08,
      "trades": 11425,
      "win_rate": 0.408403
    }
  },
  "classification": {
    "test": {
      "accuracy": 0.396354,
      "block_precision": 0.540767,
      "block_recall": 0.067204,
      "confusion_matrix": {
        "labels": [
          "APPROVE",
          "CAUTION",
          "BLOCK"
        ],
        "matrix": [
          [
            7136,
            74,
            626
          ],
          [
            549,
            2,
            33
          ],
          [
            10671,
            100,
            776
          ]
        ]
      },
      "macro_f1": 0.223238,
      "per_class": {
        "APPROVE": {
          "f1": 0.544899,
          "precision": 0.388756,
          "recall": 0.910669,
          "support": 7836
        },
        "BLOCK": {
          "f1": 0.11955,
          "precision": 0.540767,
          "recall": 0.067204,
          "support": 11547
        },
        "CAUTION": {
          "f1": 0.005263,
          "precision": 0.011364,
          "recall": 0.003425,
          "support": 584
        }
      },
      "prediction_distribution": {
        "APPROVE": 18356,
        "BLOCK": 1435,
        "CAUTION": 176
      },
      "target_distribution": {
        "APPROVE": 7836,
        "BLOCK": 11547,
        "CAUTION": 584
      }
    },
    "validation": {
      "accuracy": 0.330941,
      "block_precision": 0.657935,
      "block_recall": 0.109445,
      "confusion_matrix": {
        "labels": [
          "APPROVE",
          "CAUTION",
          "BLOCK"
        ],
        "matrix": [
          [
            2927,
            65,
            428
          ],
          [
            186,
            0,
            16
          ],
          [
            6866,
            83,
            854
          ]
        ]
      },
      "macro_f1": 0.20819,
      "per_class": {
        "APPROVE": {
          "f1": 0.436898,
          "precision": 0.293316,
          "recall": 0.855848,
          "support": 3420
        },
        "BLOCK": {
          "f1": 0.187672,
          "precision": 0.657935,
          "recall": 0.109445,
          "support": 7803
        },
        "CAUTION": {
          "f1": 0.0,
          "precision": 0.0,
          "recall": 0.0,
          "support": 202
        }
      },
      "prediction_distribution": {
        "APPROVE": 9979,
        "BLOCK": 1298,
        "CAUTION": 148
      },
      "target_distribution": {
        "APPROVE": 3420,
        "BLOCK": 7803,
        "CAUTION": 202
      }
    }
  },
  "dataset": "data\\output\\magi_v2\\melchor_v2_risk_dataset\\melchor_v2_risk_dataset.parquet",
  "diagnostic_target": "risk_block_rr2_strict",
  "feature_column_count": 23,
  "feature_columns": [
    "rolling_pf_20",
    "rolling_pf_50",
    "rolling_pf_100",
    "rolling_avg_R_20",
    "rolling_avg_R_50",
    "rolling_avg_R_100",
    "rolling_drawdown_50",
    "rolling_drawdown_100",
    "rolling_win_rate_20",
    "rolling_win_rate_50",
    "rolling_win_rate_100",
    "rolling_unfavorable_rate_50",
    "rolling_unfavorable_rate_100",
    "rolling_sell_pf_20",
    "rolling_sell_pf_50",
    "rolling_sell_pf_100",
    "rolling_sell_avg_R_20",
    "rolling_sell_avg_R_50",
    "rolling_sell_avg_R_100",
    "recent_loss_streak",
    "recent_sell_loss_streak",
    "daily_range_position",
    "predicted_direction"
  ],
  "filter_simulation": {
    "test": {
      "block_only": {
        "blocked": {
          "avg_r": -0.017909,
          "max_drawdown_r": 199.64,
          "profit_factor": 0.971741,
          "total_r": -25.7,
          "trades": 1435,
          "win_rate": 0.349129
        },
        "blocked_share": 0.071869,
        "filtered": {
          "avg_r": 0.101773,
          "max_drawdown_r": 244.14,
          "profit_factor": 1.178448,
          "total_r": 1886.05,
          "trades": 18532,
          "win_rate": 0.402763
        },
        "impact_buy": {
          "blocked": 592,
          "filtered": {
            "avg_r": 0.108339,
            "max_drawdown_r": 224.94,
            "profit_factor": 1.189676,
            "total_r": 757.83,
            "trades": 6995,
            "win_rate": 0.404432
          },
          "original": {
            "avg_r": 0.122639,
            "max_drawdown_r": 190.86,
            "profit_factor": 1.216115,
            "total_r": 930.46,
            "trades": 7587,
            "win_rate": 0.40833
          }
        },
        "impact_sell": {
          "blocked": 843,
          "filtered": {
            "avg_r": 0.097791,
            "max_drawdown_r": 339.35,
            "profit_factor": 1.171624,
            "total_r": 1128.22,
            "trades": 11537,
            "win_rate": 0.401751
          },
          "original": {
            "avg_r": 0.075112,
            "max_drawdown_r": 410.55,
            "profit_factor": 1.129633,
            "total_r": 929.89,
            "trades": 12380,
            "win_rate": 0.393134
          }
        },
        "original": {
          "avg_r": 0.093171,
          "max_drawdown_r": 266.14,
          "profit_factor": 1.162071,
          "total_r": 1860.35,
          "trades": 19967,
          "win_rate": 0.398908
        },
        "trades_blocked": 1435,
        "trades_original": 19967,
        "trades_remaining": 18532
      },
      "block_plus_caution": {
        "blocked": {
          "avg_r": -0.059851,
          "max_drawdown_r": 226.26,
          "profit_factor": 0.907236,
          "total_r": -96.42,
          "trades": 1611,
          "win_rate": 0.335816
        },
        "blocked_share": 0.080683,
        "filtered": {
          "avg_r": 0.106601,
          "max_drawdown_r": 244.14,
          "profit_factor": 1.187444,
          "total_r": 1956.77,
          "trades": 18356,
          "win_rate": 0.404445
        },
        "impact_buy": {
          "blocked": 669,
          "filtered": {
            "avg_r": 0.113429,
            "max_drawdown_r": 223.64,
            "profit_factor": 1.19931,
            "total_r": 784.7,
            "trades": 6918,
            "win_rate": 0.406331
          },
          "original": {
            "avg_r": 0.122639,
            "max_drawdown_r": 190.86,
            "profit_factor": 1.216115,
            "total_r": 930.46,
            "trades": 7587,
            "win_rate": 0.40833
          }
        },
        "impact_sell": {
          "blocked": 942,
          "filtered": {
            "avg_r": 0.102472,
            "max_drawdown_r": 330.41,
            "profit_factor": 1.180259,
            "total_r": 1172.07,
            "trades": 11438,
            "win_rate": 0.403305
          },
          "original": {
            "avg_r": 0.075112,
            "max_drawdown_r": 410.55,
            "profit_factor": 1.129633,
            "total_r": 929.89,
            "trades": 12380,
            "win_rate": 0.393134
          }
        },
        "original": {
          "avg_r": 0.093171,
          "max_drawdown_r": 266.14,
          "profit_factor": 1.162071,
          "total_r": 1860.35,
          "trades": 19967,
          "win_rate": 0.398908
        },
        "trades_blocked": 1611,
        "trades_original": 19967,
        "trades_remaining": 18356
      }
    },
    "validation": {
      "block_only": {
        "blocked": {
          "avg_r": 0.157342,
          "max_drawdown_r": 149.91,
          "profit_factor": 1.297399,
          "total_r": 204.23,
          "trades": 1298,
          "win_rate": 0.437596
        },
        "blocked_share": 0.113611,
        "filtered": {
          "avg_r": 0.042545,
          "max_drawdown_r": 335.22,
          "profit_factor": 1.07699,
          "total_r": 430.85,