fold,train_rows,test_rows,f1_macro
1,4869,4869,0.37836021026868843
2,9738,4869,0.8264253533294158
3,14607,4869,0.5084094428925009
4,19476,4869,0.5848085380422018
