{
  "run_id": "20260422T235032Z",
  "target_grid_path": "C:\\Users\\Asus\\Desktop\\MAGI_Master_Plan\\baltasar_training_v1\\artifacts\\metrics\\20260422T235032Z_phase3_target_grid.csv",
  "target_candidates_path": "C:\\Users\\Asus\\Desktop\\MAGI_Master_Plan\\baltasar_training_v1\\artifacts\\metrics\\20260422T235032Z_phase3_target_candidates.csv",
  "comparison_path": "C:\\Users\\Asus\\Desktop\\MAGI_Master_Plan\\baltasar_training_v1\\artifacts\\metrics\\20260422T235032Z_phase3_comparison.csv",
  "report_path": "C:\\Users\\Asus\\Desktop\\MAGI_Master_Plan\\baltasar_training_v1\\artifacts\\reports\\20260422T235032Z_phase3_report.md",
  "recommended_configuration": {
    "scenario_name": "candidate_target_compact_features",
    "target_name": "h18_t05",
    "feature_variant": "compact",
    "model_name": "baseline_tree",
    "rows": 24327,
    "feature_count": 16,
    "accuracy": 0.3933415536374846,
    "precision_macro": 0.3884803527722361,
    "recall_macro": 0.3736045240303267,
    "f1_macro": 0.306621227888016,
    "walk_forward_f1_mean": 0.31284575772334805,
    "walk_forward_f1_std": 0.024332574571074437,
    "walk_forward_accuracy_mean": 0.3624630055902664,
    "f1_macro_norm": 0.5162174751182167,
    "walk_forward_f1_mean_norm": 0.8775698728914038,
    "walk_forward_f1_std_norm": 0.0,
    "stability_inverse_norm": 1.0,
    "recommendation_score": 0.854271444180205
  },
  "candidate_targets": [
    {
      "target_name": "h18_t05",
      "horizon_steps": 18,
      "threshold": 0.0005,
      "rows": 24327,
      "sell_share": 0.2545731080692235,
      "neutral_share": 0.49484112303202205,
      "buy_share": 0.25058576889875445,
      "imbalance_ratio": 1.9747375328083991,
      "accuracy": 0.38224414303329224,
      "f1_macro": 0.36315219414309435,
      "precision_macro": 0.3916542653643369,
      "recall_macro": 0.38859839806250185,
      "walk_forward_f1_mean": 0.28709897852847965,
      "walk_forward_f1_std": 0.0315098623184986,
      "walk_forward_accuracy_mean": 0.3322920092074975,
      "sell_precision": 0.28897180762852404,
      "sell_recall": 0.5784232365145229,
      "sell_f1": 0.38540226707215924,
      "neutral_precision": 0.5235571260306242,
      "neutral_recall": 0.3808911739502999,
      "neutral_f1": 0.4409722222222222,
      "buy_precision": 0.36243386243386244,
      "buy_recall": 0.20648078372268275,
      "buy_f1": 0.2630820931349016,
      "balance_score": 0.5063964113640139,
      "stability_score": 0.9694526795432913,
      "f1_macro_norm": 1.0,
      "balance_score_norm": 0.5446979728213561,
      "stability_score_norm": 0.8334323608882669,
      "walk_forward_f1_mean_norm": 0.6943627205948557,
      "candidate_score": 0.8217674820684736
    },
    {
      "target_name": "h12_t05",
      "horizon_steps": 12,
      "threshold": 0.0005,
      "rows": 24333,
      "sell_share": 0.21226318168742037,
      "neutral_share": 0.5772818805737064,
      "buy_share": 0.21045493773887314,
      "imbalance_ratio": 2.743018941612966,
      "accuracy": 0.35401684816108486,
      "f1_macro": 0.3425995474222307,
      "precision_macro": 0.37470973831732807,
      "recall_macro": 0.37930183158156766,
      "walk_forward_f1_mean": 0.31990844855131223,
      "walk_forward_f1_std": 0.025906990062140377,
      "walk_forward_accuracy_mean": 0.3270305820453798,
      "sell_precision": 0.23749456285341453,
      "sell_recall": 0.5316455696202531,
      "sell_f1": 0.32832230907997595,
      "neutral_precision": 0.603988603988604,
      "neutral_recall": 0.3111926605504587,
      "neutral_f1": 0.4107532090094454,
      "buy_precision": 0.28264604810996563,
      "buy_recall": 0.295067264573991,
      "buy_f1": 0.28872312417727075,
      "balance_score": 0.36456182814835913,
      "stability_score": 0.9747472331185001,
      "f1_macro_norm": 0.8748133168231563,
      "balance_score_norm": 0.3649751254178887,
      "stability_score_norm": 0.9307709229752934,
      "walk_forward_f1_mean_norm": 1.0,
      "candidate_score": 0.7358512609396103
    },
    {
      "target_name": "h18_t04",
      "horizon_steps": 18,
      "threshold": 0.0004,
      "rows": 24327,
      "sell_share": 0.29354215480741563,
      "neutral_share": 0.41714966909195544,
      "buy_share": 0.2893081761006289,
      "imbalance_ratio": 1.4418868996874112,
      "accuracy": 0.35347307850390464,
      "f1_macro": 0.30502529319097366,
      "precision_macro": 0.36933091884544883,
      "recall_macro": 0.34389962967940974,
      "walk_forward_f1_mean": 0.2852328155364921,
      "walk_forward_f1_std": 0.03234460721370283,
      "walk_forward_accuracy_mean": 0.36550476816836563,
      "sell_precision": 0.37083333333333335,
      "sell_recall": 0.06366237482117311,
      "sell_f1": 0.10866910866910867,
      "neutral_precision": 0.43252595155709345,
      "neutral_recall": 0.3814852492370295,
      "neutral_f1": 0.40540540540540543,
      "buy_precision": 0.30463347164591975,
      "buy_recall": 0.5865512649800266,
      "buy_f1": 0.4010013654984069,
      "balance_score": 0.6935356720536066,
      "stability_score": 0.9686687885152993,
      "f1_macro_norm": 0.6459475982644084,
      "balance_score_norm": 0.7818277336285298,
      "stability_score_norm": 0.819020791638133,
      "walk_forward_f1_mean_norm": 0.6769784416229396,
      "candidate_score": 0.7299799372170759
    }
  ],
  "class_metric_keys": [
    "current_target_current_features__baseline_tree",
    "current_target_current_features__random_forest",
    "candidate_target_current_features__baseline_tree",
    "candidate_target_current_features__random_forest",
    "candidate_target_compact_features__baseline_tree",
    "candidate_target_compact_features__random_forest"
  ],
  "feature_table_keys": [
    "current_target_current_features__baseline_tree",
    "current_target_current_features__random_forest",
    "candidate_target_current_features__baseline_tree",
    "candidate_target_current_features__random_forest",
    "candidate_target_compact_features__baseline_tree",
    "candidate_target_compact_features__random_forest"
  ]
}